plan_id,participant_id,ssn,first_name,last_name,address_1,address_2,city,state,zip,dob,hire_date,term_date,status
PLN-CLEAN-01,P0008,900440008,Hank,Abbot,108 Elm St,,Springfield,IL,62704,1997-03-12,2008-01-01,,ACTIVE
PLN-CLEAN-01,P0038,900440038,Hank,Abbot,138 Pine St,,Springfield,IL,62704,1996-03-11,2018-07-15,,ACTIVE
PLN-CLEAN-01,P0068,900440068,Hank,Abbot,168 Birch St,,Springfield,IL,62704,1986-09-13,2008-01-01,,ACTIVE
PLN-CLEAN-01,P0098,900440098,Hank,Abbot,198 Maple St,,Springfield,IL,62704,1976-03-15,2018-07-15,,ACTIVE
PLN-CLEAN-01,P0030,900440030,Drew,Adams,130 Pine St,,Springfield,IL,62704,1988-07-03,2010-07-15,2013-10-27,TERMINATED
PLN-CLEAN-01,P0060,900440060,Drew,Adams,160 Birch St,,Springfield,IL,62704,1978-01-05,2000-01-01,2004-02-09,TERMINATED
PLN-CLEAN-01,P0090,900440090,Drew,Adams,190 Maple St,,Springfield,IL,62704,1968-07-07,2010-07-15,2015-06-19,TERMINATED
PLN-CLEAN-01,P0120,900440120,Drew,Adams,220 Elm St,,Springfield,IL,62704,1958-01-09,2000-01-01,2005-10-01,TERMINATED
PLN-CLEAN-01,P0021,900440021,Umar,Blake,121 Walnut St,,Springfield,IL,62704,1979-10-22,2001-04-08,,ACTIVE
PLN-CLEAN-01,P0051,900440051,Umar,Blake,151 Cedar St,,Springfield,IL,62704,1969-04-24,2011-10-22,,ACTIVE
PLN-CLEAN-01,P0081,900440081,Umar,Blake,181 Oak St,,Springfield,IL,62704,1959-10-26,2001-04-08,,ACTIVE
PLN-CLEAN-01,P0111,900440111,Umar,Blake,211 Ash St,,Springfield,IL,62704,1989-04-28,2011-10-22,,ACTIVE
PLN-CLEAN-01,P0013,900440013,Mona,Brown,113 Walnut St,,Springfield,IL,62704,1971-02-14,2013-04-08,,ACTIVE
PLN-CLEAN-01,P0043,900440043,Mona,Brown,143 Cedar St,,Springfield,IL,62704,1961-08-16,2003-10-22,,ACTIVE
PLN-CLEAN-01,P0073,900440073,Mona,Brown,173 Oak St,,Springfield,IL,62704,1991-02-18,2013-04-08,,ACTIVE
PLN-CLEAN-01,P0103,900440103,Mona,Brown,203 Ash St,,Springfield,IL,62704,1981-08-20,2003-10-22,,ACTIVE
PLN-CLEAN-01,P0026,900440026,Zoe,Chen,126 Maple St,,Springfield,IL,62704,1984-03-27,2006-07-15,,ACTIVE
PLN-CLEAN-01,P0056,900440056,Zoe,Chen,156 Elm St,,Springfield,IL,62704,1974-09-01,2016-01-01,,ACTIVE
PLN-CLEAN-01,P0086,900440086,Zoe,Chen,186 Pine St,,Springfield,IL,62704,1964-03-03,2006-07-15,,ACTIVE
PLN-CLEAN-01,P0116,900440116,Zoe,Chen,216 Birch St,,Springfield,IL,62704,1994-09-05,2016-01-01,,ACTIVE
PLN-CLEAN-01,P0004,900440004,Dev,Cole,104 Birch St,,Springfield,IL,62704,1962-05-05,2004-01-01,,ACTIVE
PLN-CLEAN-01,P0034,900440034,Dev,Cole,134 Maple St,,Springfield,IL,62704,1992-11-07,2014-07-15,,ACTIVE
PLN-CLEAN-01,P0064,900440064,Dev,Cole,164 Elm St,,Springfield,IL,62704,1982-05-09,2004-01-01,,ACTIVE
PLN-CLEAN-01,P0094,900440094,Dev,Cole,194 Pine St,,Springfield,IL,62704,1972-11-11,2014-07-15,,ACTIVE
PLN-CLEAN-01,P0009,900440009,Ivy,Diaz,109 Oak St,,Springfield,IL,62704,1967-10-10,2009-04-08,,ACTIVE
PLN-CLEAN-01,P0039,900440039,Ivy,Diaz,139 Ash St,,Springfield,IL,62704,1997-04-12,2019-10-22,,ACTIVE
PLN-CLEAN-01,P0069,900440069,Ivy,Diaz,169 Walnut St,,Springfield,IL,62704,1987-10-14,2009-04-08,,ACTIVE
PLN-CLEAN-01,P0099,900440099,Ivy,Diaz,199 Cedar St,,Springfield,IL,62704,1977-04-16,2019-10-22,,ACTIVE
PLN-CLEAN-01,P0017,900440017,Quinn,Dunn,117 Oak St,,Springfield,IL,62704,1975-06-18,2017-04-08,,ACTIVE
PLN-CLEAN-01,P0047,900440047,Quinn,Dunn,147 Ash St,,Springfield,IL,62704,1965-12-20,2007-10-22,,ACTIVE
PLN-CLEAN-01,P0077,900440077,Quinn,Dunn,177 Walnut St,,Springfield,IL,62704,1995-06-22,2017-04-08,,ACTIVE
PLN-CLEAN-01,P0107,900440107,Quinn,Dunn,207 Cedar St,,Springfield,IL,62704,1985-12-24,2007-10-22,,ACTIVE
PLN-CLEAN-01,P0022,900440022,Vera,Evans,122 Pine St,,Springfield,IL,62704,1980-11-23,2002-07-15,,ACTIVE
PLN-CLEAN-01,P0052,900440052,Vera,Evans,152 Birch St,,Springfield,IL,62704,1970-05-25,2012-01-01,,ACTIVE
PLN-CLEAN-01,P0082,900440082,Vera,Evans,182 Maple St,,Springfield,IL,62704,1960-11-27,2002-07-15,,ACTIVE
PLN-CLEAN-01,P0112,900440112,Vera,Evans,212 Elm St,,Springfield,IL,62704,1990-05-01,2012-01-01,,ACTIVE
PLN-CLEAN-01,P0005,900440005,Elena,Ford,105 Walnut St,,Springfield,IL,62704,1963-06-06,2005-04-08,,ACTIVE
PLN-CLEAN-01,P0035,900440035,Elena,Ford,135 Cedar St,,Springfield,IL,62704,1993-12-08,2015-10-22,,ACTIVE
PLN-CLEAN-01,P0065,900440065,Elena,Ford,165 Oak St,,Springfield,IL,62704,1983-06-10,2005-04-08,,ACTIVE
PLN-CLEAN-01,P0095,900440095,Elena,Ford,195 Ash St,,Springfield,IL,62704,1973-12-12,2015-10-22,,ACTIVE
PLN-CLEAN-01,P0018,900440018,Rosa,Gupta,118 Maple St,,Springfield,IL,62704,1976-07-19,2018-07-15,,ACTIVE
PLN-CLEAN-01,P0048,900440048,Rosa,Gupta,148 Elm St,,Springfield,IL,62704,1966-01-21,2008-01-01,,ACTIVE
PLN-CLEAN-01,P0078,900440078,Rosa,Gupta,178 Pine St,,Springfield,IL,62704,1996-07-23,2018-07-15,,ACTIVE
PLN-CLEAN-01,P0108,900440108,Rosa,Gupta,208 Birch St,,Springfield,IL,62704,1986-01-25,2008-01-01,,ACTIVE
PLN-CLEAN-01,P0001,900440001,Alice,Hayes,101 Oak St,,Springfield,IL,62704,1959-02-02,2001-04-08,,ACTIVE
PLN-CLEAN-01,P0031,900440031,Alice,Hayes,131 Ash St,,Springfield,IL,62704,1989-08-04,2011-10-22,,ACTIVE
PLN-CLEAN-01,P0061,900440061,Alice,Hayes,161 Walnut St,,Springfield,IL,62704,1979-02-06,2001-04-08,,ACTIVE
PLN-CLEAN-01,P0091,900440091,Alice,Hayes,191 Cedar St,,Springfield,IL,62704,1969-08-08,2011-10-22,,ACTIVE
PLN-CLEAN-01,P0014,900440014,Nate,Ito,114 Pine St,,Springfield,IL,62704,1972-03-15,2014-07-15,,ACTIVE
PLN-CLEAN-01,P0074,900440074,Nate,Ito,174 Maple St,,Springfield,IL,62704,1992-03-19,2014-07-15,,ACTIVE
PLN-CLEAN-01,P0104,900440104,Nate,Ito,204 Elm St,,Springfield,IL,62704,1982-09-21,2004-01-01,,ACTIVE
PLN-CLEAN-01,P0027,900440027,Ana,Jones,127 Cedar St,,Springfield,IL,62704,1985-04-28,2007-10-22,,ACTIVE
PLN-CLEAN-01,P0057,900440057,Ana,Jones,157 Oak St,,Springfield,IL,62704,1975-10-02,2017-04-08,,ACTIVE
PLN-CLEAN-01,P0087,900440087,Ana,Jones,187 Ash St,,Springfield,IL,62704,1965-04-04,2007-10-22,,ACTIVE
PLN-CLEAN-01,P0117,900440117,Ana,Jones,217 Walnut St,,Springfield,IL,62704,1995-10-06,2017-04-08,,ACTIVE
PLN-CLEAN-01,P0010,900440010,Jamal,Klein,110 Maple St,,Springfield,IL,62704,1968-11-11,2010-07-15,2013-04-10,TERMINATED
PLN-CLEAN-01,P0040,900440040,Jamal,Klein,140 Elm St,,Springfield,IL,62704,1958-05-13,2000-01-01,2003-07-24,TERMINATED
PLN-CLEAN-01,P0070,900440070,Jamal,Klein,170 Pine St,,Springfield,IL,62704,1988-11-15,2010-07-15,2014-12-01,TERMINATED
PLN-CLEAN-01,P0100,900440100,Jamal,Klein,200 Birch St,,Springfield,IL,62704,1978-05-17,2000-01-01,2005-03-15,RETIRED
PLN-CLEAN-01,P0023,900440023,Walt,Lopez,123 Ash St,,Springfield,IL,62704,1981-12-24,2003-10-22,,ACTIVE
PLN-CLEAN-01,P0053,900440053,Walt,Lopez,153 Walnut St,,Springfield,IL,62704,1971-06-26,2013-04-08,,ACTIVE
PLN-CLEAN-01,P0083,900440083,Walt,Lopez,183 Cedar St,,Springfield,IL,62704,1961-12-28,2003-10-22,,ACTIVE
PLN-CLEAN-01,P0113,900440113,Walt,Lopez,213 Oak St,,Springfield,IL,62704,1991-06-02,2013-04-08,,ACTIVE
PLN-CLEAN-01,P0006,900440006,Frank,Meyer,106 Pine St,,Springfield,IL,62704,1964-07-07,2006-07-15,,ACTIVE
PLN-CLEAN-01,P0036,900440036,Frank,Meyer,136 Birch St,,Springfield,IL,62704,1994-01-09,2016-01-01,,ACTIVE
PLN-CLEAN-01,P0066,900440066,Frank,Meyer,166 Maple St,,Springfield,IL,62704,1984-07-11,2006-07-15,,ACTIVE
PLN-CLEAN-01,P0096,900440096,Frank,Meyer,196 Elm St,,Springfield,IL,62704,1974-01-13,2016-01-01,,ACTIVE
PLN-CLEAN-01,P0019,900440019,Sam,Novak,119 Cedar St,,Springfield,IL,62704,1977-08-20,2019-10-22,,ACTIVE
PLN-CLEAN-01,P0049,900440049,Sam,Novak,149 Oak St,,Springfield,IL,62704,1967-02-22,2009-04-08,,ACTIVE
PLN-CLEAN-01,P0079,900440079,Sam,Novak,179 Ash St,,Springfield,IL,62704,1997-08-24,2019-10-22,,ACTIVE
PLN-CLEAN-01,P0109,900440109,Sam,Novak,209 Walnut St,,Springfield,IL,62704,1987-02-26,2009-04-08,,ACTIVE
PLN-CLEAN-01,P0002,900440002,Bob,Ortiz,102 Maple St,,Springfield,IL,62704,1960-03-03,2002-07-15,,ACTIVE
PLN-CLEAN-01,P0032,900440032,Bob,Ortiz,132 Elm St,,Springfield,IL,62704,1990-09-05,2012-01-01,,ACTIVE
PLN-CLEAN-01,P0062,900440062,Bob,Ortiz,162 Pine St,,Springfield,IL,62704,1980-03-07,2002-07-15,,ACTIVE
PLN-CLEAN-01,P0092,900440092,Bob,Ortiz,192 Birch St,,Springfield,IL,62704,1970-09-09,2012-01-01,,ACTIVE
PLN-CLEAN-01,P0015,900440015,Olga,Park,115 Ash St,,Springfield,IL,62704,1973-04-16,2015-10-22,,ACTIVE
PLN-CLEAN-01,P0045,900440045,Olga,Park,145 Walnut St,,Springfield,IL,62704,1963-10-18,2005-04-08,,ACTIVE
PLN-CLEAN-01,P0075,900440075,Olga,Park,175 Cedar St,,Springfield,IL,62704,1993-04-20,2015-10-22,2020-04-28,RETIRED
PLN-CLEAN-01,P0105,900440105,Olga,Park,205 Oak St,,Springfield,IL,62704,1983-10-22,2005-04-08,,ACTIVE
PLN-CLEAN-01,P0028,900440028,Ben,Quist,128 Birch St,,Springfield,IL,62704,1986-05-01,2008-01-01,,ACTIVE
PLN-CLEAN-01,P0058,900440058,Ben,Quist,158 Maple St,,Springfield,IL,62704,1976-11-03,2018-07-15,,ACTIVE
PLN-CLEAN-01,P0088,900440088,Ben,Quist,188 Elm St,,Springfield,IL,62704,1966-05-05,2008-01-01,,ACTIVE
PLN-CLEAN-01,P0118,900440118,Ben,Quist,218 Pine St,,Springfield,IL,62704,1996-11-07,2018-07-15,,ACTIVE
PLN-CLEAN-01,P0044,900440044,Jose,Ramirez,144 Birch St,,Springfield,IL,62704,1962-09-17,2004-01-01,,ACTIVE
PLN-CLEAN-01,P0011,900440011,Kira,Reed,111 Cedar St,,Springfield,IL,62704,1969-12-12,2011-10-22,,ACTIVE
PLN-CLEAN-01,P0041,900440041,Kira,Reed,141 Oak St,,Springfield,IL,62704,1959-06-14,2001-04-08,,ACTIVE
PLN-CLEAN-01,P0071,900440071,Kira,Reed,171 Ash St,,Springfield,IL,62704,1989-12-16,2011-10-22,,ACTIVE
PLN-CLEAN-01,P0101,900440101,Kira,Reed,201 Walnut St,,Springfield,IL,62704,1979-06-18,2001-04-08,,ACTIVE
PLN-CLEAN-01,P0024,900440024,Xena,Silva,124 Elm St,,Springfield,IL,62704,1982-01-25,2004-01-01,,ACTIVE
PLN-CLEAN-01,P0054,900440054,Xena,Silva,154 Pine St,,Springfield,IL,62704,1972-07-27,2014-07-15,,ACTIVE
PLN-CLEAN-01,P0084,900440084,Xena,Silva,184 Birch St,,Springfield,IL,62704,1962-01-01,2004-01-01,,ACTIVE
PLN-CLEAN-01,P0114,900440114,Xena,Silva,214 Maple St,,Springfield,IL,62704,1992-07-03,2014-07-15,,ACTIVE
PLN-CLEAN-01,P0007,900440007,Grace,Tran,107 Ash St,,Springfield,IL,62704,1965-08-08,2007-10-22,,ACTIVE
PLN-CLEAN-01,P0037,900440037,Grace,Tran,137 Walnut St,,Springfield,IL,62704,1995-02-10,2017-04-08,,ACTIVE
PLN-CLEAN-01,P0067,900440067,Grace,Tran,167 Cedar St,,Springfield,IL,62704,1985-08-12,2007-10-22,,ACTIVE
PLN-CLEAN-01,P0097,900440097,Grace,Tran,197 Oak St,,Springfield,IL,62704,1975-02-14,2017-04-08,,ACTIVE
PLN-CLEAN-01,P0020,900440020,Tara,Usher,120 Birch St,,Springfield,IL,62704,1978-09-21,2021-03-15,2023-08-01,TERMINATED
PLN-CLEAN-01,P0050,900440050,Tara,Usher,150 Maple St,,Springfield,IL,62704,1968-03-23,2010-07-15,2014-05-15,RETIRED
PLN-CLEAN-01,P0080,900440080,Tara,Usher,180 Elm St,,Springfield,IL,62704,1958-09-25,2000-01-01,2004-08-27,TERMINATED
PLN-CLEAN-01,P0110,900440110,Tara,Usher,210 Pine St,,Springfield,IL,62704,1988-03-27,2010-07-15,2016-01-05,TERMINATED
PLN-CLEAN-01,P0003,900440003,Carla,Voss,103 Cedar St,,Springfield,IL,62704,1961-04-04,2003-10-22,,ACTIVE
PLN-CLEAN-01,P0033,900440033,Carla,Voss,133 Oak St,,Springfield,IL,62704,1991-10-06,2013-04-08,,ACTIVE
PLN-CLEAN-01,P0063,900440063,Carla,Voss,163 Ash St,,Springfield,IL,62704,1981-04-08,2003-10-22,,ACTIVE
PLN-CLEAN-01,P0093,900440093,Carla,Voss,193 Walnut St,,Springfield,IL,62704,1971-10-10,2013-04-08,,ACTIVE
PLN-CLEAN-01,P0016,900440016,Pete,Wong,116 Elm St,,Springfield,IL,62704,1974-05-17,2016-01-01,,ACTIVE
PLN-CLEAN-01,P0046,900440046,Pete,Wong,146 Pine St,,Springfield,IL,62704,1964-11-19,2006-07-15,,ACTIVE
PLN-CLEAN-01,P0076,900440076,Pete,Wong,176 Birch St,,Springfield,IL,62704,1994-05-21,2016-01-01,,ACTIVE
PLN-CLEAN-01,P0106,900440106,Pete,Wong,206 Maple St,,Springfield,IL,62704,1984-11-23,2006-07-15,,ACTIVE
PLN-CLEAN-01,P0029,900440029,Cleo,Xu,129 Walnut St,,Springfield,IL,62704,1987-06-02,2009-04-08,,ACTIVE
PLN-CLEAN-01,P0059,900440059,Cleo,Xu,159 Cedar St,,Springfield,IL,62704,1977-12-04,2019-10-22,,ACTIVE
PLN-CLEAN-01,P0089,900440089,Cleo,Xu,189 Oak St,,Springfield,IL,62704,1967-06-06,2009-04-08,,ACTIVE
PLN-CLEAN-01,P0119,900440119,Cleo,Xu,219 Ash St,,Springfield,IL,62704,1997-12-08,2019-10-22,,ACTIVE
PLN-CLEAN-01,P0012,900440012,Liam,Young,112 Birch St,,Springfield,IL,62704,1970-01-13,2012-01-01,,ACTIVE
PLN-CLEAN-01,P0042,900440042,Liam,Young,142 Maple St,,Springfield,IL,62704,1960-07-15,2002-07-15,,ACTIVE
PLN-CLEAN-01,P0072,900440072,Liam,Young,172 Elm St,,Springfield,IL,62704,1990-01-17,2012-01-01,,ACTIVE
PLN-CLEAN-01,P0102,900440102,Liam,Young,202 Pine St,,Springfield,IL,62704,1980-07-19,2002-07-15,,ACTIVE
PLN-CLEAN-01,P0025,900440025,Yuri,Zink,125 Oak St,,Springfield,IL,62704,1983-02-26,2005-04-08,2008-06-01,RETIRED
PLN-CLEAN-01,P0055,900440055,Yuri,Zink,155 Ash St,,Springfield,IL,62704,1973-08-28,2015-10-22,,ACTIVE
PLN-CLEAN-01,P0085,900440085,Yuri,Zink,185 Walnut St,,Springfield,IL,62704,1963-02-02,2005-04-08,,ACTIVE
PLN-CLEAN-01,P0115,900440115,Yuri,Zink,215 Cedar St,,Springfield,IL,62704,1993-08-04,2015-10-22,,ACTIVE
